{
  "device": "cpu",
  "input_size": 224,
  "n_classes": 1000,
  "warmup_iterations": 5,
  "benchmark_iterations": 15,
  "batch_sizes": [
    1,
    4,
    8,
    16
  ],
  "results": {
    "ResNet-50": {
      "params": 25557032,
      "batch_sizes": {
        "1": {
          "latency_ms": 54.546,
          "latency_std": 3.979,
          "latency_min": 49.806,
          "latency_max": 65.269,
          "latency_p95": 62.172,
          "throughput_imgs_per_sec": 18.3,
          "times_raw": [
            60.843999999633525,
            53.602799998770934,
            51.4712000003783,
            50.20430000149645,
            49.80609999620356,
            55.09129999700235,
            50.94999999710126,
            53.583000000799075,
            52.70799999561859,
            65.26920000032987,
            54.85459999908926,
            54.669199998897966,
            53.91629999940051,
            53.28200000076322,
            57.93619999894872
          ]
        },
        "4": {
          "latency_ms": 190.249,
          "latency_std": 10.141,
          "latency_min": 175.347,
          "latency_max": 214.179,
          "latency_p95": 205.105,
          "throughput_imgs_per_sec": 21.0,
          "times_raw": [
            192.43669999559643,
            194.75280000187922,
            201.21630000357982,
            196.98880000214558,
            200.06260000081966,
            193.34270000399556,
            214.17920000385493,
            185.79930000123568,
            191.6720000008354,
            185.2807999966899,
            177.518800002872,
            175.34660000092117,
            185.24520000210032,
            181.5714000040316,
            178.31550000119023
          ]
        },
        "8": {
          "latency_ms": 369.787,
          "latency_std": 6.077,
          "latency_min": 357.807,
          "latency_max": 383.187,
          "latency_p95": 378.852,
          "throughput_imgs_per_sec": 21.6,
          "times_raw": [
            366.6413000028115,
            374.1671000025235,
            372.1863000027952,
            362.35280000255443,
            383.18730000173673,
            374.19440000667237,
            366.2024000004749,
            367.14029999711784,
            367.6532000026782,
            376.9947000037064,
            371.83139999979176,
            371.2318999969284,
            371.43009999999776,
            357.80679999879794,
            363.7851000021328
          ]
        },
        "16": {
          "latency_ms": 798.255,
          "latency_std": 45.509,
          "latency_min": 740.879,
          "latency_max": 888.923,
          "latency_p95": 887.557,
          "throughput_imgs_per_sec": 20.0,
          "times_raw": [
            828.7420999986352,
            886.9720000002417,
            888.9229000051273,
            843.3685999989393,
            777.9930000033346,
            806.4635999980965,
            766.8951000014204,
            759.2191000003368,
            758.171699999366,
            756.746099999873,
            740.878700002213,
            761.1889000036172,
            799.3177000025753,
            776.840100006666,
            822.1110999947996
          ]
        }
      }
    },
    "EfficientNet-B0": {
      "params": 5288548,
      "batch_sizes": {
        "1": {
          "latency_ms": 19.719,
          "latency_std": 1.653,
          "latency_min": 15.796,
          "latency_max": 23.507,
          "latency_p95": 22.579,
          "throughput_imgs_per_sec": 50.7,
          "times_raw": [
            20.025300000270363,
            15.796299994690344,
            20.38850000099046,
            18.362500006332994,
            20.263999998860527,
            22.18179999908898,
            19.02919999702135,
            19.94840000406839,
            19.49369999783812,
            20.0671999991755,
            19.799600006081164,
            19.1594999996596,
            18.700400003581308,
            23.506700003053993,
            19.058899997617118
          ]
        },
        "4": {
          "latency_ms": 61.427,
          "latency_std": 2.868,
          "latency_min": 58.047,
          "latency_max": 69.85,
          "latency_p95": 65.691,
          "throughput_imgs_per_sec": 65.1,
          "times_raw": [
            69.85049999639159,
            60.248499998124316,
            61.22769999637967,
            60.92319999879692,
            60.9684999944875,
            59.65079999441514,
            62.11700000130804,
            58.121900001424365,
            63.90779999492224,
            58.64020000444725,
            62.640600001032,
            63.20370000321418,
            58.046700003615115,
            59.263700000883546,
            62.588999993749894
          ]
        },
        "8": {
          "latency_ms": 130.691,
          "latency_std": 6.558,
          "latency_min": 120.582,
          "latency_max": 143.479,
          "latency_p95": 142.013,
          "throughput_imgs_per_sec": 61.2,
          "times_raw": [
            131.09570000233361,
            138.23989999946207,
            129.03229999938048,
            133.12610000139102,
            127.98629999451805,
            141.3853999983985,
            143.47889999771724,
            137.1246999988216,
            127.33449999359436,
            126.96819999837317,
            120.58189999515889,
            123.90749999758555,
            122.60740000056103,
            130.54070000362117,
            126.96250000590226
          ]
        },
        "16": {
          "latency_ms": 276.232,
          "latency_std": 13.08,
          "latency_min": 254.03,
          "latency_max": 295.376,
          "latency_p95": 294.197,
          "throughput_imgs_per_sec": 57.9,
          "times_raw": [
            254.0302999987034,
            266.403800000262,
            257.5725999995484,
            272.7201999950921,
            266.4048000006005,
            259.5227000056184,
            284.1827000011108,
            289.86319999967236,
            295.3757999930531,
            281.3090000054217,
            268.95199999853503,
            280.32320000056643,
            293.69169999699807,
            288.94640000362415,
            284.1744999968796
          ]
        }
      }
    },
    "MobileNetV3-Large": {
      "params": 5483032,
      "batch_sizes": {
        "1": {
          "latency_ms": 14.057,
          "latency_std": 1.226,
          "latency_min": 12.209,
          "latency_max": 16.771,
          "latency_p95": 15.926,
          "throughput_imgs_per_sec": 71.1,
          "times_raw": [
            14.031799997610506,
            13.042200000199955,
            15.563999993901234,
            14.087499999732245,
            12.20850000390783,
            14.993999997386709,
            12.622300004295539,
            13.402199998381548,
            13.983900003950112,
            14.012400002684444,
            12.231000000610948,
            15.292399999452755,
            14.518899995891843,
            14.086200004385319,
            16.770700000051875
          ]
        },
        "4": {
          "latency_ms": 33.86,
          "latency_std": 3.265,
          "latency_min": 27.647,
          "latency_max": 40.805,
          "latency_p95": 39.879,
          "throughput_imgs_per_sec": 118.1,
          "times_raw": [
            33.61130000121193,
            30.668899999000132,
            39.481700005126186,
            34.06760000507347,
            33.06010000233073,
            30.60150000237627,
            31.54770000401186,
            32.35069999936968,
            36.76419999828795,
            34.17239999544108,
            33.29959999973653,
            27.647199996863492,
            35.696099999768194,
            40.80490000342252,
            34.127800005080644
          ]
        },
        "8": {
          "latency_ms": 66.896,
          "latency_std": 4.4,
          "latency_min": 61.231,
          "latency_max": 76.594,